{"idx9_check":0.4140625,"mean_cosine_sim_10":0.8900667428970337,"train_loss":1.5425889492034912,"MovingWindowQuotient/input_seq":"6, 16, 1, 2, 5, 13, 10, 8, 3, 7, 3, 8, 5, 14, 8, 5, 17, 6, 2, 0, 2, 2, 2, 0, 0, 0, 2, 0, 2, 0, 2, 0, 0","MovingWindowQuotient/att_prog_measure":0.08789707720279694,"idx10_check":0.3125,"MovingWindowQuotient/mean_cosine_sim_4":0.9110251069068909,"_runtime":71.089323625,"mean_cosine_sim_14":0.9023897647857666,"MovingWindowQuotient/idx10_check":0.28125,"MovingWindowQuotient/mean_cosine_sim":0.9089920520782471,"mean_cosine_sim_7":0.9027003645896912,"mean_cosine_sim":0.9070656895637512,"output_seq":"1, 13, 8, 9, 6, 10, 12, 12, 2, 13, 2, 5, 6, 9, 12, 13, 17, 1, 0, 1, 0, 1, 0, 1, 0, 1, 0, 1, 0, 1, 0, 0, 0","mean_cosine_sim_12":0.8799079060554504,"MovingWindowQuotient/head_0_avg_attention":{"height":1000,"_type":"image-file","sha256":"fbfa81338dfa60767a6f8ba5a758bc8b2e1b648f4df74db341bda77ce4c9abe0","size":35475,"path":"media/images/MovingWindowQuotient/head_0_avg_attention_39_fbfa81338dfa60767a6f.png","format":"png","width":1000},"MovingWindowQuotient/test_acc":0.447265625,"_wandb":{"runtime":71},"MovingWindowQuotient/mean_cosine_sim_7":0.9025797843933105,"mean_cosine_sim_11":0.8926726579666138,"MovingWindowQuotient/mean_cosine_sim_3":0.9072485566139221,"MovingWindowQuotient/mean_cosine_sim_6":0.9003260135650635,"MovingWindowQuotient/idx7_check":0.453125,"mean_cosine_sim_6":0.8969438076019287,"MovingWindowQuotient/mean_cosine_sim_5":0.9109152555465698,"mean_cosine_sim_4":0.9075782299041748,"MovingWindowQuotient/train_acc":0.4501953125,"idx14_check":0.421875,"mean_cosine_sim_2":0.915374755859375,"idx13_check":0.46875,"mean_cosine_sim_9":0.8946857452392578,"mean_cosine_sim_5":0.9066919088363647,"MovingWindowQuotient/idx2_check":0.3984375,"head_0_avg_attention":{"height":1000,"_type":"image-file","sha256":"fbfa81338dfa60767a6f8ba5a758bc8b2e1b648f4df74db341bda77ce4c9abe0","size":35475,"path":"media/images/head_0_avg_attention_39_fbfa81338dfa60767a6f.png","format":"png","width":1000},"mean_cosine_sim_13":0.8810153007507324,"MovingWindowQuotient/mean_cosine_sim_0":-0.1812029480934143,"idx6_check":0.3203125,"idx15_check":0.4609375,"MovingWindowQuotient/cosine_sim_fig":{"path":"media/images/MovingWindowQuotient/cosine_sim_fig_39_482c9406386e43667a95.png","format":"png","width":1000,"height":1000,"_type":"image-file","sha256":"482c9406386e43667a95a71236af237400e0682e90c2a1bef72b7b7fcb19f3fc","size":91137},"idx5_check":0.5703125,"_timestamp":1.769158570443837e+09,"MovingWindowQuotient/idx12_check":0.4140625,"MovingWindowQuotient/train_loss":1.5186946392059326,"MovingWindowQuotient/idx6_check":0.296875,"test_acc":0.40625,"idx2_check":0.328125,"idx1_check":0.4609375,"idx0_check":0.75,"MovingWindowQuotient/idx5_check":0.4296875,"MovingWindowQuotient/mean_cosine_sim_2":0.9153214693069458,"MovingWindowQuotient/idx3_check":0.421875,"_step":40,"MovingWindowQuotient/mean_cosine_sim_13":0.8887041807174683,"mean_cosine_sim_0":-0.04666026309132576,"mean_cosine_sim_1":0.9332858324050903,"MovingWindowQuotient/idx8_check":0.390625,"MovingWindowQuotient/mean_cosine_sim_12":0.8845841288566589,"MovingWindowQuotient/idx0_check":0.78125,"MovingWindowQuotient/idx11_check":0.4453125,"MovingWindowQuotient/idx14_check":0.5078125,"train_acc":0.43701171875,"mean_cosine_sim_3":0.9080529808998108,"MovingWindowQuotient/mean_cosine_sim_14":0.8919424414634705,"MovingWindowQuotient/output_seq":"6, 16, 1, 2, 5, 13, 10, 8, 3, 7, 3, 8, 5, 14, 8, 5, 17, 6, 0, 1, 0, 1, 0, 1, 0, 1, 0, 1, 0, 0, 1, 0, 0","MovingWindowQuotient/idx13_check":0.5390625,"MovingWindowQuotient/mean_cosine_sim_8":0.9090142846107483,"MovingWindowQuotient/mean_cosine_sim_9":0.8995983004570007,"input_seq":"1, 13, 8, 9, 6, 10, 12, 12, 2, 13, 2, 5, 6, 9, 12, 13, 17, 1, 13, 0, 1, 0, 1, 1, 1, 0, 6, 0, 2, 1, 1, 1, 1","MovingWindowQuotient/idx4_check":0.40625,"MovingWindowQuotient/idx9_check":0.4140625,"idx8_check":0.40625,"idx7_check":0.34375,"MovingWindowQuotient/mean_cosine_sim_11":0.894782304763794,"idx3_check":0.4375,"idx11_check":0.4765625,"cosine_sim_fig":{"_type":"image-file","sha256":"c3224c0622e591e387154d1e06eccb65b7c4a92ed8a8c37dfa3bc503901ae403","size":91121,"path":"media/images/cosine_sim_fig_39_c3224c0622e591e38715.png","format":"png","width":1000,"height":1000},"MovingWindowQuotient/mean_cosine_sim_1":0.9346213340759277,"MovingWindowQuotient/examples_seen":5248,"MovingWindowQuotient/idx15_check":0.5078125,"idx12_check":0.4140625,"idx4_check":0.40625,"mean_cosine_sim_8":0.9059616923332214,"MovingWindowQuotient/mean_cosine_sim_10":0.8912763595581055,"MovingWindowQuotient/idx1_check":0.515625}