{"train_loss":2.5995609760284424,"MovingWindowQuotient/idx2_check":0.0546875,"MovingWindowQuotient/idx11_check":0.09375,"mean_cosine_sim":0.9935067296028137,"output_seq":"13, 13, 11, 4, 4, 11, 2, 9, 2, 3, 15, 15, 9, 11, 7, 5, 17, 0, 5, 5, 5, 5, 5, 5, 5, 5, 5, 5, 5, 5, 5, 5, 5","test_acc":0.10546875,"MovingWindowQuotient/head_0_avg_attention":{"size":35243,"path":"media/images/MovingWindowQuotient/head_0_avg_attention_499_5a62fcc4b9f9518527fe.png","format":"png","width":1000,"height":1000,"_type":"image-file","sha256":"5a62fcc4b9f9518527fede379f0681757d34e299703d42f405e33e34b46643bb"},"idx11_check":0.09375,"MovingWindowQuotient/train_loss":2.5995614528656006,"MovingWindowQuotient/mean_cosine_sim_11":0.9934155941009521,"MovingWindowQuotient/idx9_check":0.0859375,"mean_cosine_sim_3":0.9940714836120605,"MovingWindowQuotient/mean_cosine_sim_9":0.994135856628418,"idx1_check":0.078125,"MovingWindowQuotient/mean_cosine_sim_12":0.9916805624961853,"MovingWindowQuotient/idx15_check":0.0859375,"MovingWindowQuotient/cosine_sim_fig":{"sha256":"6f923d6e988cd85acf4294045044d791f5dcadfd106a5114b8786e1bc2b84335","size":65589,"path":"media/images/MovingWindowQuotient/cosine_sim_fig_499_6f923d6e988cd85acf42.png","format":"png","width":1000,"height":1000,"_type":"image-file"},"mean_cosine_sim_6":0.9939087629318237,"MovingWindowQuotient/mean_cosine_sim_14":0.993629515171051,"mean_cosine_sim_1":0.9917268753051758,"MovingWindowQuotient/test_acc":0.10546875,"idx10_check":0.0625,"idx2_check":0.0546875,"idx12_check":0.09375,"MovingWindowQuotient/idx8_check":0.0546875,"cosine_sim_fig":{"format":"png","width":1000,"height":1000,"_type":"image-file","sha256":"6f923d6e988cd85acf4294045044d791f5dcadfd106a5114b8786e1bc2b84335","size":65589,"path":"media/images/cosine_sim_fig_499_6f923d6e988cd85acf42.png"},"MovingWindowQuotient/mean_cosine_sim_0":-0.6513316035270691,"MovingWindowQuotient/idx7_check":0.046875,"idx4_check":0.078125,"MovingWindowQuotient/idx1_check":0.078125,"MovingWindowQuotient/examples_seen":64000,"train_acc":0.12646484375,"_step":499,"idx6_check":0.0859375,"MovingWindowQuotient/mean_cosine_sim_7":0.9941005110740662,"MovingWindowQuotient/output_seq":"2, 16, 8, 14, 10, 3, 7, 16, 2, 14, 4, 15, 15, 5, 10, 13, 17, 0, 5, 5, 8, 5, 5, 5, 8, 9, 8, 5, 8, 8, 5, 8, 8","MovingWindowQuotient/idx12_check":0.09375,"mean_cosine_sim_8":0.9940827488899231,"MovingWindowQuotient/input_seq":"2, 16, 8, 14, 10, 3, 7, 16, 2, 14, 4, 15, 15, 5, 10, 13, 17, 0, 8, 9, 6, 8, 2, 8, 12, 15, 7, 10, 8, 1, 6, 2, 3","idx9_check":0.0859375,"MovingWindowQuotient/mean_cosine_sim_2":0.99383544921875,"MovingWindowQuotient/idx5_check":0.0703125,"MovingWindowQuotient/idx0_check":1,"idx14_check":0.0546875,"mean_cosine_sim_13":0.9922056794166565,"idx13_check":0.0390625,"mean_cosine_sim_11":0.9934155941009521,"MovingWindowQuotient/mean_cosine_sim_3":0.9940714836120605,"mean_cosine_sim_9":0.9941359162330627,"MovingWindowQuotient/mean_cosine_sim":0.9935067296028137,"mean_cosine_sim_12":0.9916805624961853,"mean_cosine_sim_14":0.993629515171051,"mean_cosine_sim_10":0.993708610534668,"MovingWindowQuotient/idx10_check":0.0625,"head_0_avg_attention":{"width":1000,"height":1000,"_type":"image-file","sha256":"5a62fcc4b9f9518527fede379f0681757d34e299703d42f405e33e34b46643bb","size":35243,"path":"media/images/head_0_avg_attention_499_5a62fcc4b9f9518527fe.png","format":"png"},"idx7_check":0.046875,"MovingWindowQuotient/mean_cosine_sim_10":0.993708610534668,"_wandb":{"runtime":858},"MovingWindowQuotient/mean_cosine_sim_4":0.9938388466835022,"MovingWindowQuotient/idx6_check":0.0859375,"MovingWindowQuotient/mean_cosine_sim_6":0.9939087629318237,"MovingWindowQuotient/idx14_check":0.0546875,"idx0_check":1,"MovingWindowQuotient/mean_cosine_sim_13":0.9922056794166565,"idx15_check":0.0859375,"input_seq":"13, 13, 11, 4, 4, 11, 2, 9, 2, 3, 15, 15, 9, 11, 7, 5, 17, 0, 1, 10, 5, 1, 7, 11, 13, 4, 10, 5, 1, 4, 5, 13, 8","MovingWindowQuotient/idx4_check":0.078125,"MovingWindowQuotient/mean_cosine_sim_1":0.9917268753051758,"MovingWindowQuotient/idx13_check":0.0390625,"_runtime":858.274846209,"MovingWindowQuotient/mean_cosine_sim_5":0.9936422109603882,"MovingWindowQuotient/idx3_check":0.0390625,"mean_cosine_sim_5":0.9936422109603882,"_timestamp":1.7691594388412192e+09,"MovingWindowQuotient/train_acc":0.12646484375,"MovingWindowQuotient/att_prog_measure":0.08427887409925461,"mean_cosine_sim_7":0.9941005110740662,"mean_cosine_sim_0":-0.6513316631317139,"MovingWindowQuotient/mean_cosine_sim_8":0.9940827488899231,"idx8_check":0.0546875,"mean_cosine_sim_2":0.99383544921875,"idx3_check":0.0390625,"idx5_check":0.0703125,"mean_cosine_sim_4":0.9938388466835022}